product_name,price_raw,price,rating,source,category,scraped_at,brand,rating_filled,has_rating,is_tshirt,is_mens,is_womens,is_printed,is_plain,name_length,word_count,has_premium_keyword,has_cotton,has_fit_type,category_encoded,brand_encoded,brand_frequency
Max,198,198.0,4.0,Amazon India,mens white tshirt,2026-09-07 22:58:24,Max,4.0,1,1,1,0,0,0,3,1,0,0,0,0,17,1
Lymio,399,399.0,3.4,Amazon India,mens white tshirt,2026-09-07 22:58:24,Lymio,3.4,1,1,1,0,0,0,5,1,0,0,0,0,16,2
Levi's,395,395.0,4.0,Amazon India,mens white tshirt,2026-09-07 22:58:24,Levi,4.0,1,1,1,0,0,0,6,1,0,0,0,0,12,1
AUSK,399,399.0,3.2,Amazon India,mens white tshirt,2026-09-07 22:58:24,AUSK,3.2,1,1,1,0,0,0,4,1,0,0,0,0,0,1
INKKR,219,219.0,3.4,Amazon India,mens white tshirt,2026-09-07 22:58:24,INKKR,3.4,1,1,1,0,0,0,5,1,0,0,0,0,7,1
NETCLICK,349,349.0,3.6,Amazon India,mens white tshirt,2026-09-07 22:58:24,NETCLICK,3.6,1,1,1,0,0,0,8,1,0,0,0,0,19,1
London Hills,249,249.0,3.7,Amazon India,mens white tshirt,2026-09-07 22:58:24,London,3.7,1,1,1,0,0,0,12,2,0,0,0,0,13,2
Louis Philippe,"1,099",1099.0,4.1,Amazon India,mens white tshirt,2026-09-07 22:58:24,Louis,4.1,1,1,1,0,0,0,14,2,0,0,0,0,14,2
Van Heusen,502,502.0,4.0,Amazon India,mens white tshirt,2026-09-07 22:58:24,Van Heusen,4.0,1,1,1,0,0,0,10,2,0,0,0,0,23,2
Van Heusen,648,648.0,4.0,Amazon India,mens white tshirt,2026-09-07 22:58:24,Van Heusen,4.0,1,1,1,0,0,0,10,2,0,0,0,0,23,2
Peter England,739,739.0,4.0,Amazon India,mens white tshirt,2026-09-07 22:58:24,Peter,4.0,1,1,1,0,0,0,13,2,0,0,0,0,21,2
Lux Cozi,417,417.0,3.9,Amazon India,mens white tshirt,2026-09-07 22:58:24,Lux,3.9,1,1,1,0,0,0,8,2,0,0,0,0,15,3
Louis Philippe,"1,139",1139.0,3.9,Amazon India,mens white tshirt,2026-09-07 22:58:24,Louis,3.9,1,1,1,0,0,0,14,2,0,0,0,0,14,2
Jockey,536,536.0,4.2,Amazon India,mens white tshirt,2026-09-07 22:58:24,Jockey,4.2,1,1,1,0,0,0,6,1,0,0,0,0,9,1
Lux Cozi,409,409.0,3.8,Amazon India,mens white tshirt,2026-09-07 22:58:24,Lux,3.8,1,1,1,0,0,0,8,2,0,0,0,0,15,3
Allen Solly,919,919.0,4.1,Amazon India,mens white tshirt,2026-09-07 22:58:24,Allen,4.1,1,1,1,0,0,0,11,2,0,0,0,0,1,1
Peter England,516,516.0,4.0,Amazon India,mens white tshirt,2026-09-07 22:58:24,Peter,4.0,1,1,1,0,0,0,13,2,0,0,0,0,21,2
Amazon Brand - Symbol,349,349.0,4.0,Amazon India,mens white tshirt,2026-09-07 22:58:24,Amazon,4.0,1,1,1,0,0,0,21,4,0,0,0,0,2,2
Men's Textured Fabric Solid Half-Open Collar T-Shirt | Full Sleeve Casual Shirt for Men | Comfortabl,310,310.0,3.9,Amazon India,mens white tshirt,2026-09-07 22:58:24,Lee,3.9,1,1,1,0,0,0,100,16,0,0,0,0,11,4
Men's Premium Waffle Knit Henley Tshirt for Men,349,349.0,4.2,Amazon India,mens white tshirt,2026-09-07 22:58:24,Men's,4.2,1,1,1,0,0,0,47,8,1,0,0,0,18,1
Lymio,399,399.0,3.6,Amazon India,mens white tshirt,2026-09-07 22:58:24,Lymio,3.6,1,1,1,0,0,0,5,1,0,0,0,0,16,2
"Oversized T-Shirt for Men, Premium Combed Cotton, Drop Shoulder, Baggy Fit, Black/White/Charcoal Gre",349,349.0,3.3,Amazon India,mens white tshirt,2026-09-07 22:58:24,Oversized,3.3,1,1,1,0,0,0,100,13,1,1,1,0,20,1
U.S. POLO ASSN.,"1,448",1448.0,4.2,Amazon India,mens white tshirt,2026-09-07 22:58:24,Polo,4.2,1,1,1,0,0,0,15,3,0,0,0,0,22,1
Amazon Brand - Symbol,399,399.0,3.9,Amazon India,mens white tshirt,2026-09-07 22:58:24,Amazon,3.9,1,1,1,0,0,0,21,4,0,0,0,0,2,2
Lux Cozi,269,269.0,4.0,Amazon India,mens white tshirt,2026-09-07 22:58:24,Lux,4.0,1,1,1,0,0,0,8,2,0,0,0,0,15,3
Dream Beauty Fashion,236,236.0,4.0,Amazon India,womens casual top,2026-09-07 23:00:24,Dream,4.0,1,0,1,1,0,0,20,3,0,0,0,1,3,11
Dream Beauty Fashion,219,219.0,4.0,Amazon India,womens casual top,2026-09-07 23:00:24,Dream,4.0,1,0,1,1,0,0,20,3,0,0,0,1,3,11
Dream Beauty Fashion,244,244.0,3.8,Amazon India,womens casual top,2026-09-07 23:00:24,Dream,3.8,1,0,1,1,0,0,20,3,0,0,0,1,3,11
"Women's Multicolor Printed Tunic Top, Cotton Blend, 3/4 Sleeve, A-Line, Casual Wear, Free Size",249,249.0,2.5,Amazon India,womens casual top,2026-09-07 23:00:24,Lee,2.5,1,0,1,1,0,0,94,14,0,1,0,1,11,4
Gufrina,445,445.0,3.6,Amazon India,womens casual top,2026-09-07 23:00:24,Gufrina,3.6,1,0,1,1,0,0,7,1,0,0,0,1,6,5
Gufrina,449,449.0,3.7,Amazon India,womens casual top,2026-09-07 23:00:24,Gufrina,3.7,1,0,1,1,0,0,7,1,0,0,0,1,6,5
Gufrina,449,449.0,3.6,Amazon India,womens casual top,2026-09-07 23:00:24,Gufrina,3.6,1,0,1,1,0,0,7,1,0,0,0,1,6,5
Generic,499,499.0,,Amazon India,womens casual top,2026-09-07 23:00:24,Generic,3.9,0,0,1,1,0,0,7,1,0,0,0,1,5,2
GRECIILOOKS,548,548.0,4.0,Amazon India,womens casual top,2026-09-07 23:00:24,GRECIILOOKS,4.0,1,0,1,1,0,0,11,1,0,0,0,1,4,1
Jawdrobe,377,377.0,3.9,Amazon India,womens casual top,2026-09-07 23:00:24,Jawdrobe,3.9,1,0,1,1,0,0,8,1,0,0,0,1,8,1
Gufrina,449,449.0,3.8,Amazon India,womens casual top,2026-09-07 23:00:24,Gufrina,3.8,1,0,1,1,0,0,7,1,0,0,0,1,6,5
Dream Beauty Fashion,219,219.0,3.8,Amazon India,womens casual top,2026-09-07 23:00:24,Dream,3.8,1,0,1,1,0,0,20,3,0,0,0,1,3,11
Dream Beauty Fashion,236,236.0,4.0,Amazon India,womens casual top,2026-09-07 23:00:24,Dream,4.0,1,0,1,1,0,0,20,3,0,0,0,1,3,11
Women Standard Striped Casual Shirt | Cotton Blend Button-Down Collared Shirt | Full Sleeve Regular ,299,299.0,5.0,Amazon India,womens casual top,2026-09-07 23:00:24,Lee,5.0,1,0,1,1,0,0,100,15,0,1,1,1,11,4
"Women's Floral Printed Tunic Top, Cotton Blend, 3/4 Sleeve, A-Line, Regular Fit, Casual Wear",249,249.0,1.0,Amazon India,womens casual top,2026-09-07 23:00:24,Lee,1.0,1,0,1,1,0,0,92,14,0,1,1,1,11,4
Dream Beauty Fashion,215,215.0,3.7,Amazon India,womens casual top,2026-09-07 23:00:24,Dream,3.7,1,0,1,1,0,0,20,3,0,0,0,1,3,11
Dream Beauty Fashion,244,244.0,3.8,Amazon India,womens casual top,2026-09-07 23:00:24,Dream,3.8,1,0,1,1,0,0,20,3,0,0,0,1,3,11
Dream Beauty Fashion,246,246.0,3.6,Amazon India,womens casual top,2026-09-07 23:00:24,Dream,3.6,1,0,1,1,0,0,20,3,0,0,0,1,3,11
Dream Beauty Fashion,219,219.0,3.7,Amazon India,womens casual top,2026-09-07 23:00:24,Dream,3.7,1,0,1,1,0,0,20,3,0,0,0,1,3,11
Generic,320,320.0,3.6,Amazon India,womens casual top,2026-09-07 23:00:24,Generic,3.6,1,0,1,1,0,0,7,1,0,0,0,1,5,2
Dream Beauty Fashion,236,236.0,4.0,Amazon India,womens casual top,2026-09-07 23:00:24,Dream,4.0,1,0,1,1,0,0,20,3,0,0,0,1,3,11
Dream Beauty Fashion,244,244.0,3.9,Amazon India,womens casual top,2026-09-07 23:00:24,Dream,3.9,1,0,1,1,0,0,20,3,0,0,0,1,3,11
Gufrina,469,469.0,3.7,Amazon India,womens casual top,2026-09-07 23:00:24,Gufrina,3.7,1,0,1,1,0,0,7,1,0,0,0,1,6,5
London Hills,375.,375.0,3.8,Amazon India,womens casual top,2026-09-07 23:00:24,London,3.8,1,0,1,1,0,0,12,2,0,0,0,1,13,2
LEOTUDE,298,298.0,3.3,Amazon India,womens casual top,2026-09-07 23:00:24,LEOTUDE,3.3,1,0,1,1,0,0,7,1,0,0,0,1,10,1
